parameter_index,simulation_index,global_index,timestep,counterfactual_param,counterfactual_value,original_value,gru_prediction,lstm_prediction
4481,1,simulation_results_74.rds,1.0,eir,10.0,371.082129671986,0.3105,0.29
4481,1,simulation_results_74.rds,2.0,eir,10.0,371.082129671986,0.3035,0.2964
4481,1,simulation_results_74.rds,3.0,eir,10.0,371.082129671986,0.2988,0.2935
4481,1,simulation_results_74.rds,4.0,eir,10.0,371.082129671986,0.294,0.2917
4481,1,simulation_results_74.rds,5.0,eir,10.0,371.082129671986,0.2898,0.2886
4481,1,simulation_results_74.rds,6.0,eir,10.0,371.082129671986,0.2866,0.284
4481,1,simulation_results_74.rds,7.0,eir,10.0,371.082129671986,0.2842,0.2786
4481,1,simulation_results_74.rds,8.0,eir,10.0,371.082129671986,0.282,0.273
4481,1,simulation_results_74.rds,9.0,eir,10.0,371.082129671986,0.2803,0.268
4481,1,simulation_results_74.rds,10.0,eir,10.0,371.082129671986,0.2786,0.2637
4481,1,simulation_results_74.rds,11.0,eir,10.0,371.082129671986,0.277,0.2598
4481,1,simulation_results_74.rds,12.0,eir,10.0,371.082129671986,0.2761,0.257
4481,1,simulation_results_74.rds,13.0,eir,10.0,371.082129671986,0.2751,0.255
4481,1,simulation_results_74.rds,14.0,eir,10.0,371.082129671986,0.2742,0.2534
4481,1,simulation_results_74.rds,15.0,eir,10.0,371.082129671986,0.2737,0.2524
4481,1,simulation_results_74.rds,16.0,eir,10.0,371.082129671986,0.2732,0.2517
4481,1,simulation_results_74.rds,17.0,eir,10.0,371.082129671986,0.2732,0.251
4481,1,simulation_results_74.rds,18.0,eir,10.0,371.082129671986,0.2732,0.2505
4481,1,simulation_results_74.rds,19.0,eir,10.0,371.082129671986,0.2734,0.25
4481,1,simulation_results_74.rds,20.0,eir,10.0,371.082129671986,0.274,0.2494
4481,1,simulation_results_74.rds,21.0,eir,10.0,371.082129671986,0.2747,0.2485
4481,1,simulation_results_74.rds,22.0,eir,10.0,371.082129671986,0.2754,0.2477
4481,1,simulation_results_74.rds,23.0,eir,10.0,371.082129671986,0.2764,0.2466
4481,1,simulation_results_74.rds,24.0,eir,10.0,371.082129671986,0.277,0.2455
4481,1,simulation_results_74.rds,25.0,eir,10.0,371.082129671986,0.2778,0.2441
4481,1,simulation_results_74.rds,26.0,eir,10.0,371.082129671986,0.2783,0.2429
4481,1,simulation_results_74.rds,27.0,eir,10.0,371.082129671986,0.2788,0.2417
4481,1,simulation_results_74.rds,28.0,eir,10.0,371.082129671986,0.279,0.2405
4481,1,simulation_results_74.rds,29.0,eir,10.0,371.082129671986,0.2793,0.2391
4481,1,simulation_results_74.rds,30.0,eir,10.0,371.082129671986,0.2793,0.2379
4481,1,simulation_results_74.rds,31.0,eir,10.0,371.082129671986,0.2793,0.2368
4481,1,simulation_results_74.rds,32.0,eir,10.0,371.082129671986,0.279,0.2358
4481,1,simulation_results_74.rds,33.0,eir,10.0,371.082129671986,0.2786,0.2347
4481,1,simulation_results_74.rds,34.0,eir,10.0,371.082129671986,0.278,0.2339
4481,1,simulation_results_74.rds,35.0,eir,10.0,371.082129671986,0.277,0.233
4481,1,simulation_results_74.rds,36.0,eir,10.0,371.082129671986,0.2764,0.2322
4481,1,simulation_results_74.rds,37.0,eir,10.0,371.082129671986,0.2756,0.2313
4481,1,simulation_results_74.rds,38.0,eir,10.0,371.082129671986,0.275,0.2302
4481,1,simulation_results_74.rds,39.0,eir,10.0,371.082129671986,0.2744,0.2294
4481,1,simulation_results_74.rds,40.0,eir,10.0,371.082129671986,0.274,0.2281
4481,1,simulation_results_74.rds,41.0,eir,10.0,371.082129671986,0.2737,0.2268
4481,1,simulation_results_74.rds,42.0,eir,10.0,371.082129671986,0.2737,0.2252
4481,1,simulation_results_74.rds,43.0,eir,10.0,371.082129671986,0.2737,0.2234
4481,1,simulation_results_74.rds,44.0,eir,10.0,371.082129671986,0.2742,0.2216
4481,1,simulation_results_74.rds,45.0,eir,10.0,371.082129671986,0.2747,0.2195
4481,1,simulation_results_74.rds,46.0,eir,10.0,371.082129671986,0.2751,0.2177
4481,1,simulation_results_74.rds,47.0,eir,10.0,371.082129671986,0.276,0.2162
4481,1,simulation_results_74.rds,48.0,eir,10.0,371.082129671986,0.2766,0.2153
4481,1,simulation_results_74.rds,49.0,eir,10.0,371.082129671986,0.2776,0.2147
4481,1,simulation_results_74.rds,50.0,eir,10.0,371.082129671986,0.278,0.2137
4481,1,simulation_results_74.rds,51.0,eir,10.0,371.082129671986,0.2788,0.212
4481,1,simulation_results_74.rds,52.0,eir,10.0,371.082129671986,0.2793,0.2095
4481,1,simulation_results_74.rds,53.0,eir,10.0,371.082129671986,0.2795,0.206
4481,1,simulation_results_74.rds,54.0,eir,10.0,371.082129671986,0.2798,0.2024
4481,1,simulation_results_74.rds,55.0,eir,10.0,371.082129671986,0.2795,0.1984
4481,1,simulation_results_74.rds,56.0,eir,10.0,371.082129671986,0.2793,0.1942
4481,1,simulation_results_74.rds,57.0,eir,10.0,371.082129671986,0.279,0.1901
4481,1,simulation_results_74.rds,58.0,eir,10.0,371.082129671986,0.2786,0.1858
4481,1,simulation_results_74.rds,59.0,eir,10.0,371.082129671986,0.278,0.1807
4481,1,simulation_results_74.rds,60.0,eir,10.0,371.082129671986,0.2776,0.1744
4481,1,simulation_results_74.rds,61.0,eir,10.0,371.082129671986,0.2769,0.1675
4481,1,simulation_results_74.rds,62.0,eir,10.0,371.082129671986,0.2766,0.1606
4481,1,simulation_results_74.rds,63.0,eir,10.0,371.082129671986,0.2761,0.1534
4481,1,simulation_results_74.rds,64.0,eir,10.0,371.082129671986,0.276,0.1472
4481,1,simulation_results_74.rds,65.0,eir,10.0,371.082129671986,0.276,0.1416
4481,1,simulation_results_74.rds,66.0,eir,10.0,371.082129671986,0.2761,0.1373
4481,1,simulation_results_74.rds,67.0,eir,10.0,371.082129671986,0.2766,0.1337
4481,1,simulation_results_74.rds,68.0,eir,10.0,371.082129671986,0.2776,0.13
4481,1,simulation_results_74.rds,69.0,eir,10.0,371.082129671986,0.2783,0.1261
4481,1,simulation_results_74.rds,70.0,eir,10.0,371.082129671986,0.2795,0.12274
4481,1,simulation_results_74.rds,71.0,eir,10.0,371.082129671986,0.2805,0.1197
4481,1,simulation_results_74.rds,72.0,eir,10.0,371.082129671986,0.2817,0.11554
4481,1,simulation_results_74.rds,73.0,eir,10.0,371.082129671986,0.283,0.111
4481,1,simulation_results_74.rds,74.0,eir,10.0,371.082129671986,0.2842,0.10724
4481,1,simulation_results_74.rds,75.0,eir,10.0,371.082129671986,0.2852,0.1043
4481,1,simulation_results_74.rds,76.0,eir,10.0,371.082129671986,0.2861,0.1023
4481,1,simulation_results_74.rds,77.0,eir,10.0,371.082129671986,0.287,0.10016
4481,1,simulation_results_74.rds,78.0,eir,10.0,371.082129671986,0.2878,0.09827
4481,1,simulation_results_74.rds,79.0,eir,10.0,371.082129671986,0.2886,0.09656
4481,1,simulation_results_74.rds,80.0,eir,10.0,371.082129671986,0.289,0.09485
4481,1,simulation_results_74.rds,81.0,eir,10.0,371.082129671986,0.2893,0.093
4481,1,simulation_results_74.rds,82.0,eir,10.0,371.082129671986,0.2896,0.0914
4481,1,simulation_results_74.rds,83.0,eir,10.0,371.082129671986,0.2896,0.0898
4481,1,simulation_results_74.rds,84.0,eir,10.0,371.082129671986,0.289,0.088
4481,1,simulation_results_74.rds,85.0,eir,10.0,371.082129671986,0.2886,0.0866
4481,1,simulation_results_74.rds,86.0,eir,10.0,371.082129671986,0.2876,0.0857
4481,1,simulation_results_74.rds,87.0,eir,10.0,371.082129671986,0.2861,0.0848
4481,1,simulation_results_74.rds,88.0,eir,10.0,371.082129671986,0.2847,0.0824
4481,1,simulation_results_74.rds,89.0,eir,10.0,371.082129671986,0.2832,0.07904
4481,1,simulation_results_74.rds,90.0,eir,10.0,371.082129671986,0.282,0.07684
4481,1,simulation_results_74.rds,91.0,eir,10.0,371.082129671986,0.281,0.07544
4481,1,simulation_results_74.rds,92.0,eir,10.0,371.082129671986,0.2805,0.0752
4481,1,simulation_results_74.rds,93.0,eir,10.0,371.082129671986,0.2805,0.075
4481,1,simulation_results_74.rds,94.0,eir,10.0,371.082129671986,0.2805,0.0749
4481,1,simulation_results_74.rds,95.0,eir,10.0,371.082129671986,0.281,0.07465
4481,1,simulation_results_74.rds,96.0,eir,10.0,371.082129671986,0.2815,0.074
4481,1,simulation_results_74.rds,97.0,eir,10.0,371.082129671986,0.2825,0.0732
4481,1,simulation_results_74.rds,98.0,eir,10.0,371.082129671986,0.2832,0.07227
4481,1,simulation_results_74.rds,99.0,eir,10.0,371.082129671986,0.2842,0.0712
4481,1,simulation_results_74.rds,100.0,eir,10.0,371.082129671986,0.2852,0.0703
4481,1,simulation_results_74.rds,101.0,eir,10.0,371.082129671986,0.2861,0.0695
4481,1,simulation_results_74.rds,102.0,eir,10.0,371.082129671986,0.2869,0.0688
4481,1,simulation_results_74.rds,103.0,eir,10.0,371.082129671986,0.2878,0.0682
4481,1,simulation_results_74.rds,104.0,eir,10.0,371.082129671986,0.2888,0.06757
4481,1,simulation_results_74.rds,105.0,eir,10.0,371.082129671986,0.2898,0.0671
4481,1,simulation_results_74.rds,106.0,eir,10.0,371.082129671986,0.2905,0.0666
4481,1,simulation_results_74.rds,107.0,eir,10.0,371.082129671986,0.2915,0.0662
4481,1,simulation_results_74.rds,108.0,eir,10.0,371.082129671986,0.2922,0.06586
4481,1,simulation_results_74.rds,109.0,eir,10.0,371.082129671986,0.293,0.0655
4481,1,simulation_results_74.rds,110.0,eir,10.0,371.082129671986,0.2935,0.0651
4481,1,simulation_results_74.rds,111.0,eir,10.0,371.082129671986,0.2937,0.06476
4481,1,simulation_results_74.rds,112.0,eir,10.0,371.082129671986,0.294,0.0644
4481,1,simulation_results_74.rds,113.0,eir,10.0,371.082129671986,0.294,0.0642
4481,1,simulation_results_74.rds,114.0,eir,10.0,371.082129671986,0.294,0.0637
4481,1,simulation_results_74.rds,115.0,eir,10.0,371.082129671986,0.2937,0.0631
4481,1,simulation_results_74.rds,116.0,eir,10.0,371.082129671986,0.2932,0.06232
4481,1,simulation_results_74.rds,117.0,eir,10.0,371.082129671986,0.293,0.06152
4481,1,simulation_results_74.rds,118.0,eir,10.0,371.082129671986,0.2925,0.06085
4481,1,simulation_results_74.rds,119.0,eir,10.0,371.082129671986,0.292,0.06042
4481,1,simulation_results_74.rds,120.0,eir,10.0,371.082129671986,0.2917,0.0601
4481,1,simulation_results_74.rds,121.0,eir,10.0,371.082129671986,0.2917,0.05975
4481,1,simulation_results_74.rds,122.0,eir,10.0,371.082129671986,0.292,0.05966
4481,1,simulation_results_74.rds,123.0,eir,10.0,371.082129671986,0.2922,0.05954
4481,1,simulation_results_74.rds,124.0,eir,10.0,371.082129671986,0.2925,0.05933
4481,1,simulation_results_74.rds,125.0,eir,10.0,371.082129671986,0.2932,0.0592
4481,1,simulation_results_74.rds,126.0,eir,10.0,371.082129671986,0.2937,0.0591
4481,1,simulation_results_74.rds,127.0,eir,10.0,371.082129671986,0.2944,0.059
4481,1,simulation_results_74.rds,128.0,eir,10.0,371.082129671986,0.295,0.0589
4481,1,simulation_results_74.rds,129.0,eir,10.0,371.082129671986,0.2957,0.05878
4481,1,simulation_results_74.rds,130.0,eir,10.0,371.082129671986,0.296,0.05865
4481,1,simulation_results_74.rds,131.0,eir,10.0,371.082129671986,0.2961,0.05844
4481,1,simulation_results_74.rds,132.0,eir,10.0,371.082129671986,0.2964,0.05835
4481,1,simulation_results_74.rds,133.0,eir,10.0,371.082129671986,0.2964,0.05814
4481,1,simulation_results_74.rds,134.0,eir,10.0,371.082129671986,0.2966,0.0577
4481,1,simulation_results_74.rds,135.0,eir,10.0,371.082129671986,0.2964,0.05728
4481,1,simulation_results_74.rds,136.0,eir,10.0,371.082129671986,0.2964,0.05664
4481,1,simulation_results_74.rds,137.0,eir,10.0,371.082129671986,0.2961,0.05612
4481,1,simulation_results_74.rds,138.0,eir,10.0,371.082129671986,0.296,0.05573
4481,1,simulation_results_74.rds,139.0,eir,10.0,371.082129671986,0.2954,0.0553
4481,1,simulation_results_74.rds,140.0,eir,10.0,371.082129671986,0.2947,0.0551
4481,1,simulation_results_74.rds,141.0,eir,10.0,371.082129671986,0.294,0.0549
4481,1,simulation_results_74.rds,142.0,eir,10.0,371.082129671986,0.293,0.0549
4481,1,simulation_results_74.rds,143.0,eir,10.0,371.082129671986,0.292,0.0548
4481,1,simulation_results_74.rds,144.0,eir,10.0,371.082129671986,0.2908,0.0548
4481,1,simulation_results_74.rds,145.0,eir,10.0,371.082129671986,0.2896,0.0547
4481,1,simulation_results_74.rds,146.0,eir,10.0,371.082129671986,0.2883,0.0546
4481,1,simulation_results_74.rds,147.0,eir,10.0,371.082129671986,0.2874,0.0545
4481,1,simulation_results_74.rds,148.0,eir,10.0,371.082129671986,0.2864,0.0544
4481,1,simulation_results_74.rds,149.0,eir,10.0,371.082129671986,0.2854,0.0543
4481,1,simulation_results_74.rds,150.0,eir,10.0,371.082129671986,0.2847,0.0541
4481,1,simulation_results_74.rds,151.0,eir,10.0,371.082129671986,0.2844,0.054
4481,1,simulation_results_74.rds,152.0,eir,10.0,371.082129671986,0.2842,0.0538
4481,1,simulation_results_74.rds,153.0,eir,10.0,371.082129671986,0.2842,0.0536
4481,1,simulation_results_74.rds,154.0,eir,10.0,371.082129671986,0.2842,0.0533
4481,1,simulation_results_74.rds,155.0,eir,10.0,371.082129671986,0.2847,0.05292
4481,1,simulation_results_74.rds,156.0,eir,10.0,371.082129671986,0.2852,0.05252
4481,1,simulation_results_74.rds,1.0,eir,23.0,371.082129671986,0.4573,0.4668
4481,1,simulation_results_74.rds,2.0,eir,23.0,371.082129671986,0.4583,0.464
4481,1,simulation_results_74.rds,3.0,eir,23.0,371.082129671986,0.457,0.462
4481,1,simulation_results_74.rds,4.0,eir,23.0,371.082129671986,0.459,0.4612
4481,1,simulation_results_74.rds,5.0,eir,23.0,371.082129671986,0.4604,0.4612
4481,1,simulation_results_74.rds,6.0,eir,23.0,371.082129671986,0.4614,0.4614
4481,1,simulation_results_74.rds,7.0,eir,23.0,371.082129671986,0.4622,0.461
4481,1,simulation_results_74.rds,8.0,eir,23.0,371.082129671986,0.463,0.4602
4481,1,simulation_results_74.rds,9.0,eir,23.0,371.082129671986,0.4636,0.4592
4481,1,simulation_results_74.rds,10.0,eir,23.0,371.082129671986,0.464,0.4583
4481,1,simulation_results_74.rds,11.0,eir,23.0,371.082129671986,0.4646,0.4573
4481,1,simulation_results_74.rds,12.0,eir,23.0,371.082129671986,0.465,0.4565
4481,1,simulation_results_74.rds,13.0,eir,23.0,371.082129671986,0.4656,0.4563
4481,1,simulation_results_74.rds,14.0,eir,23.0,371.082129671986,0.4663,0.4563
4481,1,simulation_results_74.rds,15.0,eir,23.0,371.082129671986,0.467,0.4565
4481,1,simulation_results_74.rds,16.0,eir,23.0,371.082129671986,0.4678,0.457
4481,1,simulation_results_74.rds,17.0,eir,23.0,371.082129671986,0.469,0.4575
4481,1,simulation_results_74.rds,18.0,eir,23.0,371.082129671986,0.4705,0.458
4481,1,simulation_results_74.rds,19.0,eir,23.0,371.082129671986,0.472,0.4585
4481,1,simulation_results_74.rds,20.0,eir,23.0,371.082129671986,0.4734,0.459
4481,1,simulation_results_74.rds,21.0,eir,23.0,371.082129671986,0.4749,0.4595
4481,1,simulation_results_74.rds,22.0,eir,23.0,371.082129671986,0.4758,0.4597
4481,1,simulation_results_74.rds,23.0,eir,23.0,371.082129671986,0.4766,0.46
4481,1,simulation_results_74.rds,24.0,eir,23.0,371.082129671986,0.477,0.4602
4481,1,simulation_results_74.rds,25.0,eir,23.0,371.082129671986,0.477,0.4602
4481,1,simulation_results_74.rds,26.0,eir,23.0,371.082129671986,0.4768,0.4602
4481,1,simulation_results_74.rds,27.0,eir,23.0,371.082129671986,0.4763,0.4597
4481,1,simulation_results_74.rds,28.0,eir,23.0,371.082129671986,0.4753,0.4592
4481,1,simulation_results_74.rds,29.0,eir,23.0,371.082129671986,0.4744,0.4587
4481,1,simulation_results_74.rds,30.0,eir,23.0,371.082129671986,0.4731,0.4578
4481,1,simulation_results_74.rds,31.0,eir,23.0,371.082129671986,0.4717,0.457
4481,1,simulation_results_74.rds,32.0,eir,23.0,371.082129671986,0.47,0.456
4481,1,simulation_results_74.rds,33.0,eir,23.0,371.082129671986,0.468,0.455
4481,1,simulation_results_74.rds,34.0,eir,23.0,371.082129671986,0.466,0.4543
4481,1,simulation_results_74.rds,35.0,eir,23.0,371.082129671986,0.4646,0.4534
4481,1,simulation_results_74.rds,36.0,eir,23.0,371.082129671986,0.4631,0.453
4481,1,simulation_results_74.rds,37.0,eir,23.0,371.082129671986,0.4622,0.4524
4481,1,simulation_results_74.rds,38.0,eir,23.0,371.082129671986,0.4617,0.452
4481,1,simulation_results_74.rds,39.0,eir,23.0,371.082129671986,0.4617,0.452
4481,1,simulation_results_74.rds,40.0,eir,23.0,371.082129671986,0.4622,0.452
4481,1,simulation_results_74.rds,41.0,eir,23.0,371.082129671986,0.463,0.452
4481,1,simulation_results_74.rds,42.0,eir,23.0,371.082129671986,0.4639,0.4521
4481,1,simulation_results_74.rds,43.0,eir,23.0,371.082129671986,0.465,0.4526
4481,1,simulation_results_74.rds,44.0,eir,23.0,371.082129671986,0.4663,0.4531
4481,1,simulation_results_74.rds,45.0,eir,23.0,371.082129671986,0.4675,0.4536
4481,1,simulation_results_74.rds,46.0,eir,23.0,371.082129671986,0.4688,0.4543
4481,1,simulation_results_74.rds,47.0,eir,23.0,371.082129671986,0.4695,0.4548
4481,1,simulation_results_74.rds,48.0,eir,23.0,371.082129671986,0.4702,0.4553
4481,1,simulation_results_74.rds,49.0,eir,23.0,371.082129671986,0.4705,0.4558
4481,1,simulation_results_74.rds,50.0,eir,23.0,371.082129671986,0.4705,0.4563
4481,1,simulation_results_74.rds,51.0,eir,23.0,371.082129671986,0.4702,0.4565
4481,1,simulation_results_74.rds,52.0,eir,23.0,371.082129671986,0.4697,0.4565
4481,1,simulation_results_74.rds,53.0,eir,23.0,371.082129671986,0.469,0.4563
4481,1,simulation_results_74.rds,54.0,eir,23.0,371.082129671986,0.468,0.4558
4481,1,simulation_results_74.rds,55.0,eir,23.0,371.082129671986,0.4668,0.4553
4481,1,simulation_results_74.rds,56.0,eir,23.0,371.082129671986,0.4653,0.4543
4481,1,simulation_results_74.rds,57.0,eir,23.0,371.082129671986,0.4636,0.4531
4481,1,simulation_results_74.rds,58.0,eir,23.0,371.082129671986,0.462,0.452
4481,1,simulation_results_74.rds,59.0,eir,23.0,371.082129671986,0.4604,0.4507
4481,1,simulation_results_74.rds,60.0,eir,23.0,371.082129671986,0.4592,0.4497
4481,1,simulation_results_74.rds,61.0,eir,23.0,371.082129671986,0.458,0.4485
4481,1,simulation_results_74.rds,62.0,eir,23.0,371.082129671986,0.4568,0.4478
4481,1,simulation_results_74.rds,63.0,eir,23.0,371.082129671986,0.456,0.4473
4481,1,simulation_results_74.rds,64.0,eir,23.0,371.082129671986,0.4558,0.4468
4481,1,simulation_results_74.rds,65.0,eir,23.0,371.082129671986,0.4558,0.4468
4481,1,simulation_results_74.rds,66.0,eir,23.0,371.082129671986,0.4563,0.447
4481,1,simulation_results_74.rds,67.0,eir,23.0,371.082129671986,0.457,0.4475
4481,1,simulation_results_74.rds,68.0,eir,23.0,371.082129671986,0.4583,0.448
4481,1,simulation_results_74.rds,69.0,eir,23.0,371.082129671986,0.4595,0.4487
4481,1,simulation_results_74.rds,70.0,eir,23.0,371.082129671986,0.461,0.4497
4481,1,simulation_results_74.rds,71.0,eir,23.0,371.082129671986,0.4624,0.4507
4481,1,simulation_results_74.rds,72.0,eir,23.0,371.082129671986,0.4639,0.452
4481,1,simulation_results_74.rds,73.0,eir,23.0,371.082129671986,0.465,0.453
4481,1,simulation_results_74.rds,74.0,eir,23.0,371.082129671986,0.4663,0.4539
4481,1,simulation_results_74.rds,75.0,eir,23.0,371.082129671986,0.4673,0.4548
4481,1,simulation_results_74.rds,76.0,eir,23.0,371.082129671986,0.468,0.4556
4481,1,simulation_results_74.rds,77.0,eir,23.0,371.082129671986,0.4685,0.456
4481,1,simulation_results_74.rds,78.0,eir,23.0,371.082129671986,0.4688,0.4565
4481,1,simulation_results_74.rds,79.0,eir,23.0,371.082129671986,0.4685,0.4568
4481,1,simulation_results_74.rds,80.0,eir,23.0,371.082129671986,0.4683,0.4565
4481,1,simulation_results_74.rds,81.0,eir,23.0,371.082129671986,0.4678,0.4563
4481,1,simulation_results_74.rds,82.0,eir,23.0,371.082129671986,0.467,0.4556
4481,1,simulation_results_74.rds,83.0,eir,23.0,371.082129671986,0.4658,0.4543
4481,1,simulation_results_74.rds,84.0,eir,23.0,371.082129671986,0.4646,0.4531
4481,1,simulation_results_74.rds,85.0,eir,23.0,371.082129671986,0.4626,0.4514
4481,1,simulation_results_74.rds,86.0,eir,23.0,371.082129671986,0.4604,0.45
4481,1,simulation_results_74.rds,87.0,eir,23.0,371.082129671986,0.458,0.4485
4481,1,simulation_results_74.rds,88.0,eir,23.0,371.082129671986,0.4556,0.447
4481,1,simulation_results_74.rds,89.0,eir,23.0,371.082129671986,0.4539,0.446
4481,1,simulation_results_74.rds,90.0,eir,23.0,371.082129671986,0.4524,0.445
4481,1,simulation_results_74.rds,91.0,eir,23.0,371.082129671986,0.4517,0.4446
4481,1,simulation_results_74.rds,92.0,eir,23.0,371.082129671986,0.4514,0.4446
4481,1,simulation_results_74.rds,93.0,eir,23.0,371.082129671986,0.4514,0.4446
4481,1,simulation_results_74.rds,94.0,eir,23.0,371.082129671986,0.452,0.4448
4481,1,simulation_results_74.rds,95.0,eir,23.0,371.082129671986,0.4526,0.445
4481,1,simulation_results_74.rds,96.0,eir,23.0,371.082129671986,0.4536,0.4456
4481,1,simulation_results_74.rds,97.0,eir,23.0,371.082129671986,0.4546,0.446
4481,1,simulation_results_74.rds,98.0,eir,23.0,371.082129671986,0.4556,0.4468
4481,1,simulation_results_74.rds,99.0,eir,23.0,371.082129671986,0.4565,0.4478
4481,1,simulation_results_74.rds,100.0,eir,23.0,371.082129671986,0.4573,0.4485
4481,1,simulation_results_74.rds,101.0,eir,23.0,371.082129671986,0.4578,0.4492
4481,1,simulation_results_74.rds,102.0,eir,23.0,371.082129671986,0.458,0.45
4481,1,simulation_results_74.rds,103.0,eir,23.0,371.082129671986,0.458,0.4504
4481,1,simulation_results_74.rds,104.0,eir,23.0,371.082129671986,0.4578,0.451
4481,1,simulation_results_74.rds,105.0,eir,23.0,371.082129671986,0.4573,0.451
4481,1,simulation_results_74.rds,106.0,eir,23.0,371.082129671986,0.4565,0.451
4481,1,simulation_results_74.rds,107.0,eir,23.0,371.082129671986,0.4556,0.4507
4481,1,simulation_results_74.rds,108.0,eir,23.0,371.082129671986,0.4548,0.4502
4481,1,simulation_results_74.rds,109.0,eir,23.0,371.082129671986,0.4539,0.4497
4481,1,simulation_results_74.rds,110.0,eir,23.0,371.082129671986,0.453,0.4492
4481,1,simulation_results_74.rds,111.0,eir,23.0,371.082129671986,0.452,0.449
4481,1,simulation_results_74.rds,112.0,eir,23.0,371.082129671986,0.451,0.449
4481,1,simulation_results_74.rds,113.0,eir,23.0,371.082129671986,0.4495,0.449
4481,1,simulation_results_74.rds,114.0,eir,23.0,371.082129671986,0.448,0.4495
4481,1,simulation_results_74.rds,115.0,eir,23.0,371.082129671986,0.4465,0.4502
4481,1,simulation_results_74.rds,116.0,eir,23.0,371.082129671986,0.4448,0.451
4481,1,simulation_results_74.rds,117.0,eir,23.0,371.082129671986,0.4434,0.452
4481,1,simulation_results_74.rds,118.0,eir,23.0,371.082129671986,0.4421,0.453
4481,1,simulation_results_74.rds,119.0,eir,23.0,371.082129671986,0.4414,0.454
4481,1,simulation_results_74.rds,120.0,eir,23.0,371.082129671986,0.441,0.455
4481,1,simulation_results_74.rds,121.0,eir,23.0,371.082129671986,0.441,0.456
4481,1,simulation_results_74.rds,122.0,eir,23.0,371.082129671986,0.4414,0.457
4481,1,simulation_results_74.rds,123.0,eir,23.0,371.082129671986,0.4421,0.458
4481,1,simulation_results_74.rds,124.0,eir,23.0,371.082129671986,0.443,0.4587
4481,1,simulation_results_74.rds,125.0,eir,23.0,371.082129671986,0.4443,0.4592
4481,1,simulation_results_74.rds,126.0,eir,23.0,371.082129671986,0.4456,0.4597
4481,1,simulation_results_74.rds,127.0,eir,23.0,371.082129671986,0.4465,0.46
4481,1,simulation_results_74.rds,128.0,eir,23.0,371.082129671986,0.4478,0.46
4481,1,simulation_results_74.rds,129.0,eir,23.0,371.082129671986,0.4485,0.46
4481,1,simulation_results_74.rds,130.0,eir,23.0,371.082129671986,0.449,0.46
4481,1,simulation_results_74.rds,131.0,eir,23.0,371.082129671986,0.4492,0.4597
4481,1,simulation_results_74.rds,132.0,eir,23.0,371.082129671986,0.4492,0.4595
4481,1,simulation_results_74.rds,133.0,eir,23.0,371.082129671986,0.449,0.4592
4481,1,simulation_results_74.rds,134.0,eir,23.0,371.082129671986,0.4482,0.4592
4481,1,simulation_results_74.rds,135.0,eir,23.0,371.082129671986,0.4475,0.459
4481,1,simulation_results_74.rds,136.0,eir,23.0,371.082129671986,0.4468,0.459
4481,1,simulation_results_74.rds,137.0,eir,23.0,371.082129671986,0.4458,0.4587
4481,1,simulation_results_74.rds,138.0,eir,23.0,371.082129671986,0.4446,0.459
4481,1,simulation_results_74.rds,139.0,eir,23.0,371.082129671986,0.4434,0.4592
4481,1,simulation_results_74.rds,140.0,eir,23.0,371.082129671986,0.442,0.4595
4481,1,simulation_results_74.rds,141.0,eir,23.0,371.082129671986,0.4407,0.4597
4481,1,simulation_results_74.rds,142.0,eir,23.0,371.082129671986,0.4395,0.4602
4481,1,simulation_results_74.rds,143.0,eir,23.0,371.082129671986,0.4385,0.461
4481,1,simulation_results_74.rds,144.0,eir,23.0,371.082129671986,0.4375,0.4614
4481,1,simulation_results_74.rds,145.0,eir,23.0,371.082129671986,0.4365,0.4622
4481,1,simulation_results_74.rds,146.0,eir,23.0,371.082129671986,0.436,0.463
4481,1,simulation_results_74.rds,147.0,eir,23.0,371.082129671986,0.4355,0.4636
4481,1,simulation_results_74.rds,148.0,eir,23.0,371.082129671986,0.4355,0.4644
4481,1,simulation_results_74.rds,149.0,eir,23.0,371.082129671986,0.4355,0.4648
4481,1,simulation_results_74.rds,150.0,eir,23.0,371.082129671986,0.4355,0.4656
4481,1,simulation_results_74.rds,151.0,eir,23.0,371.082129671986,0.436,0.4663
4481,1,simulation_results_74.rds,152.0,eir,23.0,371.082129671986,0.4365,0.467
4481,1,simulation_results_74.rds,153.0,eir,23.0,371.082129671986,0.437,0.4678
4481,1,simulation_results_74.rds,154.0,eir,23.0,371.082129671986,0.4375,0.4685
4481,1,simulation_results_74.rds,155.0,eir,23.0,371.082129671986,0.4382,0.469
4481,1,simulation_results_74.rds,156.0,eir,23.0,371.082129671986,0.439,0.4697
4481,1,simulation_results_74.rds,1.0,eir,55.0,371.082129671986,0.609,0.6226
4481,1,simulation_results_74.rds,2.0,eir,55.0,371.082129671986,0.6167,0.6245
4481,1,simulation_results_74.rds,3.0,eir,55.0,371.082129671986,0.6177,0.6255
4481,1,simulation_results_74.rds,4.0,eir,55.0,371.082129671986,0.618,0.627
4481,1,simulation_results_74.rds,5.0,eir,55.0,371.082129671986,0.6187,0.6294
4481,1,simulation_results_74.rds,6.0,eir,55.0,371.082129671986,0.619,0.63
4481,1,simulation_results_74.rds,7.0,eir,55.0,371.082129671986,0.6196,0.6294
4481,1,simulation_results_74.rds,8.0,eir,55.0,371.082129671986,0.62,0.6284
4481,1,simulation_results_74.rds,9.0,eir,55.0,371.082129671986,0.6206,0.627
4481,1,simulation_results_74.rds,10.0,eir,55.0,371.082129671986,0.621,0.6255
4481,1,simulation_results_74.rds,11.0,eir,55.0,371.082129671986,0.621,0.6245
4481,1,simulation_results_74.rds,12.0,eir,55.0,371.082129671986,0.6216,0.623
4481,1,simulation_results_74.rds,13.0,eir,55.0,371.082129671986,0.622,0.6226
4481,1,simulation_results_74.rds,14.0,eir,55.0,371.082129671986,0.623,0.6226
4481,1,simulation_results_74.rds,15.0,eir,55.0,371.082129671986,0.624,0.6226
4481,1,simulation_results_74.rds,16.0,eir,55.0,371.082129671986,0.625,0.6226
4481,1,simulation_results_74.rds,17.0,eir,55.0,371.082129671986,0.627,0.623
4481,1,simulation_results_74.rds,18.0,eir,55.0,371.082129671986,0.629,0.6235
4481,1,simulation_results_74.rds,19.0,eir,55.0,371.082129671986,0.6313,0.624
4481,1,simulation_results_74.rds,20.0,eir,55.0,371.082129671986,0.6333,0.6245
4481,1,simulation_results_74.rds,21.0,eir,55.0,371.082129671986,0.635,0.6245
4481,1,simulation_results_74.rds,22.0,eir,55.0,371.082129671986,0.6357,0.625
4481,1,simulation_results_74.rds,23.0,eir,55.0,371.082129671986,0.636,0.625
4481,1,simulation_results_74.rds,24.0,eir,55.0,371.082129671986,0.636,0.625
4481,1,simulation_results_74.rds,25.0,eir,55.0,371.082129671986,0.636,0.6245
4481,1,simulation_results_74.rds,26.0,eir,55.0,371.082129671986,0.6357,0.6245
4481,1,simulation_results_74.rds,27.0,eir,55.0,371.082129671986,0.635,0.624
4481,1,simulation_results_74.rds,28.0,eir,55.0,371.082129671986,0.634,0.623
4481,1,simulation_results_74.rds,29.0,eir,55.0,371.082129671986,0.6333,0.6226
4481,1,simulation_results_74.rds,30.0,eir,55.0,371.082129671986,0.632,0.6216
4481,1,simulation_results_74.rds,31.0,eir,55.0,371.082129671986,0.631,0.6206
4481,1,simulation_results_74.rds,32.0,eir,55.0,371.082129671986,0.629,0.6196
4481,1,simulation_results_74.rds,33.0,eir,55.0,371.082129671986,0.6274,0.6187
4481,1,simulation_results_74.rds,34.0,eir,55.0,371.082129671986,0.626,0.6177
4481,1,simulation_results_74.rds,35.0,eir,55.0,371.082129671986,0.625,0.617
4481,1,simulation_results_74.rds,36.0,eir,55.0,371.082129671986,0.6245,0.6167
4481,1,simulation_results_74.rds,37.0,eir,55.0,371.082129671986,0.624,0.6167
4481,1,simulation_results_74.rds,38.0,eir,55.0,371.082129671986,0.6245,0.616
4481,1,simulation_results_74.rds,39.0,eir,55.0,371.082129671986,0.625,0.616
4481,1,simulation_results_74.rds,40.0,eir,55.0,371.082129671986,0.626,0.6167
4481,1,simulation_results_74.rds,41.0,eir,55.0,371.082129671986,0.627,0.617
4481,1,simulation_results_74.rds,42.0,eir,55.0,371.082129671986,0.6284,0.6177
4481,1,simulation_results_74.rds,43.0,eir,55.0,371.082129671986,0.63,0.618
4481,1,simulation_results_74.rds,44.0,eir,55.0,371.082129671986,0.631,0.6187
4481,1,simulation_results_74.rds,45.0,eir,55.0,371.082129671986,0.632,0.6196
4481,1,simulation_results_74.rds,46.0,eir,55.0,371.082129671986,0.633,0.62
4481,1,simulation_results_74.rds,47.0,eir,55.0,371.082129671986,0.6333,0.6206
4481,1,simulation_results_74.rds,48.0,eir,55.0,371.082129671986,0.6333,0.6216
4481,1,simulation_results_74.rds,49.0,eir,55.0,371.082129671986,0.6333,0.622
4481,1,simulation_results_74.rds,50.0,eir,55.0,371.082129671986,0.6333,0.6226
4481,1,simulation_results_74.rds,51.0,eir,55.0,371.082129671986,0.633,0.6226
4481,1,simulation_results_74.rds,52.0,eir,55.0,371.082129671986,0.632,0.6226
4481,1,simulation_results_74.rds,53.0,eir,55.0,371.082129671986,0.631,0.622
4481,1,simulation_results_74.rds,54.0,eir,55.0,371.082129671986,0.63,0.6216
4481,1,simulation_results_74.rds,55.0,eir,55.0,371.082129671986,0.6284,0.621
4481,1,simulation_results_74.rds,56.0,eir,55.0,371.082129671986,0.627,0.62
4481,1,simulation_results_74.rds,57.0,eir,55.0,371.082129671986,0.625,0.6187
4481,1,simulation_results_74.rds,58.0,eir,55.0,371.082129671986,0.624,0.6177
4481,1,simulation_results_74.rds,59.0,eir,55.0,371.082129671986,0.6226,0.6167
4481,1,simulation_results_74.rds,60.0,eir,55.0,371.082129671986,0.621,0.6157
4481,1,simulation_results_74.rds,61.0,eir,55.0,371.082129671986,0.62,0.615
4481,1,simulation_results_74.rds,62.0,eir,55.0,371.082129671986,0.619,0.6147
4481,1,simulation_results_74.rds,63.0,eir,55.0,371.082129671986,0.618,0.6147
4481,1,simulation_results_74.rds,64.0,eir,55.0,371.082129671986,0.618,0.6147
4481,1,simulation_results_74.rds,65.0,eir,55.0,371.082129671986,0.6187,0.615
4481,1,simulation_results_74.rds,66.0,eir,55.0,371.082129671986,0.619,0.616
4481,1,simulation_results_74.rds,67.0,eir,55.0,371.082129671986,0.62,0.617
4481,1,simulation_results_74.rds,68.0,eir,55.0,371.082129671986,0.621,0.618
4481,1,simulation_results_74.rds,69.0,eir,55.0,371.082129671986,0.6226,0.6196
4481,1,simulation_results_74.rds,70.0,eir,55.0,371.082129671986,0.6235,0.621
4481,1,simulation_results_74.rds,71.0,eir,55.0,371.082129671986,0.625,0.623
4481,1,simulation_results_74.rds,72.0,eir,55.0,371.082129671986,0.626,0.6245
4481,1,simulation_results_74.rds,73.0,eir,55.0,371.082129671986,0.627,0.626
4481,1,simulation_results_74.rds,74.0,eir,55.0,371.082129671986,0.6274,0.6274
4481,1,simulation_results_74.rds,75.0,eir,55.0,371.082129671986,0.628,0.6284
4481,1,simulation_results_74.rds,76.0,eir,55.0,371.082129671986,0.6284,0.6294
4481,1,simulation_results_74.rds,77.0,eir,55.0,371.082129671986,0.6284,0.6304
4481,1,simulation_results_74.rds,78.0,eir,55.0,371.082129671986,0.6284,0.6313
4481,1,simulation_results_74.rds,79.0,eir,55.0,371.082129671986,0.628,0.632
4481,1,simulation_results_74.rds,80.0,eir,55.0,371.082129671986,0.627,0.632
4481,1,simulation_results_74.rds,81.0,eir,55.0,371.082129671986,0.6265,0.632
4481,1,simulation_results_74.rds,82.0,eir,55.0,371.082129671986,0.6255,0.6313
4481,1,simulation_results_74.rds,83.0,eir,55.0,371.082129671986,0.6245,0.6304
4481,1,simulation_results_74.rds,84.0,eir,55.0,371.082129671986,0.623,0.629
4481,1,simulation_results_74.rds,85.0,eir,55.0,371.082129671986,0.6216,0.6274
4481,1,simulation_results_74.rds,86.0,eir,55.0,371.082129671986,0.62,0.626
4481,1,simulation_results_74.rds,87.0,eir,55.0,371.082129671986,0.618,0.6245
4481,1,simulation_results_74.rds,88.0,eir,55.0,371.082129671986,0.617,0.6235
4481,1,simulation_results_74.rds,89.0,eir,55.0,371.082129671986,0.6167,0.623
4481,1,simulation_results_74.rds,90.0,eir,55.0,371.082129671986,0.616,0.623
4481,1,simulation_results_74.rds,91.0,eir,55.0,371.082129671986,0.6167,0.623
4481,1,simulation_results_74.rds,92.0,eir,55.0,371.082129671986,0.617,0.624
4481,1,simulation_results_74.rds,93.0,eir,55.0,371.082129671986,0.6177,0.625
4481,1,simulation_results_74.rds,94.0,eir,55.0,371.082129671986,0.6187,0.626
4481,1,simulation_results_74.rds,95.0,eir,55.0,371.082129671986,0.6196,0.627
4481,1,simulation_results_74.rds,96.0,eir,55.0,371.082129671986,0.6206,0.6284
4481,1,simulation_results_74.rds,97.0,eir,55.0,371.082129671986,0.6216,0.6294
4481,1,simulation_results_74.rds,98.0,eir,55.0,371.082129671986,0.6226,0.63
4481,1,simulation_results_74.rds,99.0,eir,55.0,371.082129671986,0.6235,0.631
4481,1,simulation_results_74.rds,100.0,eir,55.0,371.082129671986,0.624,0.6313
4481,1,simulation_results_74.rds,101.0,eir,55.0,371.082129671986,0.6245,0.632
4481,1,simulation_results_74.rds,102.0,eir,55.0,371.082129671986,0.6245,0.632
4481,1,simulation_results_74.rds,103.0,eir,55.0,371.082129671986,0.6245,0.632
4481,1,simulation_results_74.rds,104.0,eir,55.0,371.082129671986,0.624,0.6313
4481,1,simulation_results_74.rds,105.0,eir,55.0,371.082129671986,0.6235,0.631
4481,1,simulation_results_74.rds,106.0,eir,55.0,371.082129671986,0.623,0.63
4481,1,simulation_results_74.rds,107.0,eir,55.0,371.082129671986,0.6226,0.629
4481,1,simulation_results_74.rds,108.0,eir,55.0,371.082129671986,0.6216,0.6284
4481,1,simulation_results_74.rds,109.0,eir,55.0,371.082129671986,0.621,0.628
4481,1,simulation_results_74.rds,110.0,eir,55.0,371.082129671986,0.6206,0.628
4481,1,simulation_results_74.rds,111.0,eir,55.0,371.082129671986,0.6196,0.628
4481,1,simulation_results_74.rds,112.0,eir,55.0,371.082129671986,0.619,0.6284
4481,1,simulation_results_74.rds,113.0,eir,55.0,371.082129671986,0.6187,0.6294
4481,1,simulation_results_74.rds,114.0,eir,55.0,371.082129671986,0.6177,0.631
4481,1,simulation_results_74.rds,115.0,eir,55.0,371.082129671986,0.6167,0.6323
4481,1,simulation_results_74.rds,116.0,eir,55.0,371.082129671986,0.616,0.634
4481,1,simulation_results_74.rds,117.0,eir,55.0,371.082129671986,0.6157,0.6353
4481,1,simulation_results_74.rds,118.0,eir,55.0,371.082129671986,0.615,0.636
4481,1,simulation_results_74.rds,119.0,eir,55.0,371.082129671986,0.615,0.6377
4481,1,simulation_results_74.rds,120.0,eir,55.0,371.082129671986,0.616,0.6387
4481,1,simulation_results_74.rds,121.0,eir,55.0,371.082129671986,0.617,0.6396
4481,1,simulation_results_74.rds,122.0,eir,55.0,371.082129671986,0.619,0.64
4481,1,simulation_results_74.rds,123.0,eir,55.0,371.082129671986,0.6216,0.6406
4481,1,simulation_results_74.rds,124.0,eir,55.0,371.082129671986,0.6235,0.6406
4481,1,simulation_results_74.rds,125.0,eir,55.0,371.082129671986,0.626,0.6406
4481,1,simulation_results_74.rds,126.0,eir,55.0,371.082129671986,0.6284,0.6406
4481,1,simulation_results_74.rds,127.0,eir,55.0,371.082129671986,0.6304,0.6406
4481,1,simulation_results_74.rds,128.0,eir,55.0,371.082129671986,0.632,0.64
4481,1,simulation_results_74.rds,129.0,eir,55.0,371.082129671986,0.6333,0.64
4481,1,simulation_results_74.rds,130.0,eir,55.0,371.082129671986,0.635,0.6396
4481,1,simulation_results_74.rds,131.0,eir,55.0,371.082129671986,0.6357,0.639
4481,1,simulation_results_74.rds,132.0,eir,55.0,371.082129671986,0.636,0.639
4481,1,simulation_results_74.rds,133.0,eir,55.0,371.082129671986,0.636,0.639
4481,1,simulation_results_74.rds,134.0,eir,55.0,371.082129671986,0.636,0.6387
4481,1,simulation_results_74.rds,135.0,eir,55.0,371.082129671986,0.636,0.6387
4481,1,simulation_results_74.rds,136.0,eir,55.0,371.082129671986,0.6357,0.6387
4481,1,simulation_results_74.rds,137.0,eir,55.0,371.082129671986,0.6353,0.639
4481,1,simulation_results_74.rds,138.0,eir,55.0,371.082129671986,0.635,0.639
4481,1,simulation_results_74.rds,139.0,eir,55.0,371.082129671986,0.634,0.639
4481,1,simulation_results_74.rds,140.0,eir,55.0,371.082129671986,0.6333,0.6396
4481,1,simulation_results_74.rds,141.0,eir,55.0,371.082129671986,0.633,0.6396
4481,1,simulation_results_74.rds,142.0,eir,55.0,371.082129671986,0.6323,0.64
4481,1,simulation_results_74.rds,143.0,eir,55.0,371.082129671986,0.6323,0.6406
4481,1,simulation_results_74.rds,144.0,eir,55.0,371.082129671986,0.6323,0.6406
4481,1,simulation_results_74.rds,145.0,eir,55.0,371.082129671986,0.6323,0.641
4481,1,simulation_results_74.rds,146.0,eir,55.0,371.082129671986,0.633,0.6416
4481,1,simulation_results_74.rds,147.0,eir,55.0,371.082129671986,0.6333,0.642
4481,1,simulation_results_74.rds,148.0,eir,55.0,371.082129671986,0.6343,0.6426
4481,1,simulation_results_74.rds,149.0,eir,55.0,371.082129671986,0.6353,0.643
4481,1,simulation_results_74.rds,150.0,eir,55.0,371.082129671986,0.636,0.6436
4481,1,simulation_results_74.rds,151.0,eir,55.0,371.082129671986,0.637,0.644
4481,1,simulation_results_74.rds,152.0,eir,55.0,371.082129671986,0.638,0.6445
4481,1,simulation_results_74.rds,153.0,eir,55.0,371.082129671986,0.639,0.645
4481,1,simulation_results_74.rds,154.0,eir,55.0,371.082129671986,0.64,0.6455
4481,1,simulation_results_74.rds,155.0,eir,55.0,371.082129671986,0.6416,0.646
4481,1,simulation_results_74.rds,156.0,eir,55.0,371.082129671986,0.6426,0.6465
4481,1,simulation_results_74.rds,1.0,eir,100.0,371.082129671986,0.7017,0.714
4481,1,simulation_results_74.rds,2.0,eir,100.0,371.082129671986,0.707,0.7153
4481,1,simulation_results_74.rds,3.0,eir,100.0,371.082129671986,0.7095,0.7144
4481,1,simulation_results_74.rds,4.0,eir,100.0,371.082129671986,0.7104,0.7144
4481,1,simulation_results_74.rds,5.0,eir,100.0,371.082129671986,0.711,0.715
4481,1,simulation_results_74.rds,6.0,eir,100.0,371.082129671986,0.711,0.7144
4481,1,simulation_results_74.rds,7.0,eir,100.0,371.082129671986,0.711,0.714
4481,1,simulation_results_74.rds,8.0,eir,100.0,371.082129671986,0.711,0.713
4481,1,simulation_results_74.rds,9.0,eir,100.0,371.082129671986,0.7114,0.712
4481,1,simulation_results_74.rds,10.0,eir,100.0,371.082129671986,0.7114,0.7114
4481,1,simulation_results_74.rds,11.0,eir,100.0,371.082129671986,0.7114,0.7114
4481,1,simulation_results_74.rds,12.0,eir,100.0,371.082129671986,0.7114,0.711
4481,1,simulation_results_74.rds,13.0,eir,100.0,371.082129671986,0.712,0.7114
4481,1,simulation_results_74.rds,14.0,eir,100.0,371.082129671986,0.7124,0.712
4481,1,simulation_results_74.rds,15.0,eir,100.0,371.082129671986,0.713,0.7124
4481,1,simulation_results_74.rds,16.0,eir,100.0,371.082129671986,0.714,0.713
4481,1,simulation_results_74.rds,17.0,eir,100.0,371.082129671986,0.7153,0.714
4481,1,simulation_results_74.rds,18.0,eir,100.0,371.082129671986,0.717,0.715
4481,1,simulation_results_74.rds,19.0,eir,100.0,371.082129671986,0.7188,0.7153
4481,1,simulation_results_74.rds,20.0,eir,100.0,371.082129671986,0.72,0.716
4481,1,simulation_results_74.rds,21.0,eir,100.0,371.082129671986,0.7217,0.716
4481,1,simulation_results_74.rds,22.0,eir,100.0,371.082129671986,0.722,0.716
4481,1,simulation_results_74.rds,23.0,eir,100.0,371.082129671986,0.722,0.716
4481,1,simulation_results_74.rds,24.0,eir,100.0,371.082129671986,0.7217,0.7153
4481,1,simulation_results_74.rds,25.0,eir,100.0,371.082129671986,0.721,0.7153
4481,1,simulation_results_74.rds,26.0,eir,100.0,371.082129671986,0.7207,0.715
4481,1,simulation_results_74.rds,27.0,eir,100.0,371.082129671986,0.7197,0.7144
4481,1,simulation_results_74.rds,28.0,eir,100.0,371.082129671986,0.7188,0.7134
4481,1,simulation_results_74.rds,29.0,eir,100.0,371.082129671986,0.7183,0.7124
4481,1,simulation_results_74.rds,30.0,eir,100.0,371.082129671986,0.7173,0.712
4481,1,simulation_results_74.rds,31.0,eir,100.0,371.082129671986,0.7163,0.711
4481,1,simulation_results_74.rds,32.0,eir,100.0,371.082129671986,0.7144,0.7104
4481,1,simulation_results_74.rds,33.0,eir,100.0,371.082129671986,0.713,0.71
4481,1,simulation_results_74.rds,34.0,eir,100.0,371.082129671986,0.712,0.7095
4481,1,simulation_results_74.rds,35.0,eir,100.0,371.082129671986,0.711,0.709
4481,1,simulation_results_74.rds,36.0,eir,100.0,371.082129671986,0.711,0.709
4481,1,simulation_results_74.rds,37.0,eir,100.0,371.082129671986,0.711,0.709
4481,1,simulation_results_74.rds,38.0,eir,100.0,371.082129671986,0.7114,0.7095
4481,1,simulation_results_74.rds,39.0,eir,100.0,371.082129671986,0.7124,0.71
4481,1,simulation_results_74.rds,40.0,eir,100.0,371.082129671986,0.714,0.7104
4481,1,simulation_results_74.rds,41.0,eir,100.0,371.082129671986,0.7153,0.711
4481,1,simulation_results_74.rds,42.0,eir,100.0,371.082129671986,0.717,0.7114
4481,1,simulation_results_74.rds,43.0,eir,100.0,371.082129671986,0.7183,0.7124
4481,1,simulation_results_74.rds,44.0,eir,100.0,371.082129671986,0.7197,0.7134
4481,1,simulation_results_74.rds,45.0,eir,100.0,371.082129671986,0.7207,0.7144
4481,1,simulation_results_74.rds,46.0,eir,100.0,371.082129671986,0.721,0.715
4481,1,simulation_results_74.rds,47.0,eir,100.0,371.082129671986,0.721,0.716
4481,1,simulation_results_74.rds,48.0,eir,100.0,371.082129671986,0.7217,0.717
4481,1,simulation_results_74.rds,49.0,eir,100.0,371.082129671986,0.721,0.7173
4481,1,simulation_results_74.rds,50.0,eir,100.0,371.082129671986,0.7207,0.7173
4481,1,simulation_results_74.rds,51.0,eir,100.0,371.082129671986,0.72,0.718
4481,1,simulation_results_74.rds,52.0,eir,100.0,371.082129671986,0.7188,0.7173
4481,1,simulation_results_74.rds,53.0,eir,100.0,371.082129671986,0.718,0.717
4481,1,simulation_results_74.rds,54.0,eir,100.0,371.082129671986,0.7163,0.7163
4481,1,simulation_results_74.rds,55.0,eir,100.0,371.082129671986,0.715,0.7153
4481,1,simulation_results_74.rds,56.0,eir,100.0,371.082129671986,0.714,0.7144
4481,1,simulation_results_74.rds,57.0,eir,100.0,371.082129671986,0.7124,0.7134
4481,1,simulation_results_74.rds,58.0,eir,100.0,371.082129671986,0.7114,0.7124
4481,1,simulation_results_74.rds,59.0,eir,100.0,371.082129671986,0.71,0.7114
4481,1,simulation_results_74.rds,60.0,eir,100.0,371.082129671986,0.709,0.711
4481,1,simulation_results_74.rds,61.0,eir,100.0,371.082129671986,0.708,0.7104
4481,1,simulation_results_74.rds,62.0,eir,100.0,371.082129671986,0.7075,0.71
4481,1,simulation_results_74.rds,63.0,eir,100.0,371.082129671986,0.7075,0.71
4481,1,simulation_results_74.rds,64.0,eir,100.0,371.082129671986,0.7075,0.7104
4481,1,simulation_results_74.rds,65.0,eir,100.0,371.082129671986,0.7085,0.711
4481,1,simulation_results_74.rds,66.0,eir,100.0,371.082129671986,0.709,0.712
4481,1,simulation_results_74.rds,67.0,eir,100.0,371.082129671986,0.7104,0.713
4481,1,simulation_results_74.rds,68.0,eir,100.0,371.082129671986,0.7114,0.7144
4481,1,simulation_results_74.rds,69.0,eir,100.0,371.082129671986,0.7124,0.7153
4481,1,simulation_results_74.rds,70.0,eir,100.0,371.082129671986,0.7134,0.717
4481,1,simulation_results_74.rds,71.0,eir,100.0,371.082129671986,0.714,0.7183
4481,1,simulation_results_74.rds,72.0,eir,100.0,371.082129671986,0.715,0.719
4481,1,simulation_results_74.rds,73.0,eir,100.0,371.082129671986,0.7153,0.7207
4481,1,simulation_results_74.rds,74.0,eir,100.0,371.082129671986,0.716,0.721
4481,1,simulation_results_74.rds,75.0,eir,100.0,371.082129671986,0.716,0.722
4481,1,simulation_results_74.rds,76.0,eir,100.0,371.082129671986,0.716,0.7227
4481,1,simulation_results_74.rds,77.0,eir,100.0,371.082129671986,0.716,0.723
4481,1,simulation_results_74.rds,78.0,eir,100.0,371.082129671986,0.7153,0.723
4481,1,simulation_results_74.rds,79.0,eir,100.0,371.082129671986,0.715,0.723
4481,1,simulation_results_74.rds,80.0,eir,100.0,371.082129671986,0.714,0.7227
4481,1,simulation_results_74.rds,81.0,eir,100.0,371.082129671986,0.713,0.722
4481,1,simulation_results_74.rds,82.0,eir,100.0,371.082129671986,0.7124,0.7217
4481,1,simulation_results_74.rds,83.0,eir,100.0,371.082129671986,0.7114,0.721
4481,1,simulation_results_74.rds,84.0,eir,100.0,371.082129671986,0.7104,0.72
4481,1,simulation_results_74.rds,85.0,eir,100.0,371.082129671986,0.7095,0.719
4481,1,simulation_results_74.rds,86.0,eir,100.0,371.082129671986,0.7085,0.7183
4481,1,simulation_results_74.rds,87.0,eir,100.0,371.082129671986,0.7075,0.7173
4481,1,simulation_results_74.rds,88.0,eir,100.0,371.082129671986,0.7075,0.7173
4481,1,simulation_results_74.rds,89.0,eir,100.0,371.082129671986,0.708,0.7173
4481,1,simulation_results_74.rds,90.0,eir,100.0,371.082129671986,0.7085,0.718
4481,1,simulation_results_74.rds,91.0,eir,100.0,371.082129671986,0.7095,0.7188
4481,1,simulation_results_74.rds,92.0,eir,100.0,371.082129671986,0.7104,0.719
4481,1,simulation_results_74.rds,93.0,eir,100.0,371.082129671986,0.7114,0.72
4481,1,simulation_results_74.rds,94.0,eir,100.0,371.082129671986,0.7124,0.721
4481,1,simulation_results_74.rds,95.0,eir,100.0,371.082129671986,0.7134,0.722
4481,1,simulation_results_74.rds,96.0,eir,100.0,371.082129671986,0.7144,0.7227
4481,1,simulation_results_74.rds,97.0,eir,100.0,371.082129671986,0.7153,0.723
4481,1,simulation_results_74.rds,98.0,eir,100.0,371.082129671986,0.716,0.7236
4481,1,simulation_results_74.rds,99.0,eir,100.0,371.082129671986,0.7163,0.724
4481,1,simulation_results_74.rds,100.0,eir,100.0,371.082129671986,0.717,0.7246
4481,1,simulation_results_74.rds,101.0,eir,100.0,371.082129671986,0.717,0.7246
4481,1,simulation_results_74.rds,102.0,eir,100.0,371.082129671986,0.717,0.7246
4481,1,simulation_results_74.rds,103.0,eir,100.0,371.082129671986,0.7163,0.724
4481,1,simulation_results_74.rds,104.0,eir,100.0,371.082129671986,0.7153,0.723
4481,1,simulation_results_74.rds,105.0,eir,100.0,371.082129671986,0.715,0.7217
4481,1,simulation_results_74.rds,106.0,eir,100.0,371.082129671986,0.714,0.7207
4481,1,simulation_results_74.rds,107.0,eir,100.0,371.082129671986,0.713,0.719
4481,1,simulation_results_74.rds,108.0,eir,100.0,371.082129671986,0.712,0.7183
4481,1,simulation_results_74.rds,109.0,eir,100.0,371.082129671986,0.711,0.7173
4481,1,simulation_results_74.rds,110.0,eir,100.0,371.082129671986,0.7095,0.7163
4481,1,simulation_results_74.rds,111.0,eir,100.0,371.082129671986,0.7085,0.7163
4481,1,simulation_results_74.rds,112.0,eir,100.0,371.082129671986,0.707,0.7163
4481,1,simulation_results_74.rds,113.0,eir,100.0,371.082129671986,0.7056,0.717
4481,1,simulation_results_74.rds,114.0,eir,100.0,371.082129671986,0.7046,0.7173
4481,1,simulation_results_74.rds,115.0,eir,100.0,371.082129671986,0.703,0.7183
4481,1,simulation_results_74.rds,116.0,eir,100.0,371.082129671986,0.702,0.7197
4481,1,simulation_results_74.rds,117.0,eir,100.0,371.082129671986,0.702,0.721
4481,1,simulation_results_74.rds,118.0,eir,100.0,371.082129671986,0.702,0.722
4481,1,simulation_results_74.rds,119.0,eir,100.0,371.082129671986,0.703,0.723
4481,1,simulation_results_74.rds,120.0,eir,100.0,371.082129671986,0.705,0.724
4481,1,simulation_results_74.rds,121.0,eir,100.0,371.082129671986,0.707,0.725
4481,1,simulation_results_74.rds,122.0,eir,100.0,371.082129671986,0.709,0.7256
4481,1,simulation_results_74.rds,123.0,eir,100.0,371.082129671986,0.7114,0.7256
4481,1,simulation_results_74.rds,124.0,eir,100.0,371.082129671986,0.714,0.7256
4481,1,simulation_results_74.rds,125.0,eir,100.0,371.082129671986,0.716,0.7256
4481,1,simulation_results_74.rds,126.0,eir,100.0,371.082129671986,0.7173,0.7256
4481,1,simulation_results_74.rds,127.0,eir,100.0,371.082129671986,0.7188,0.725
4481,1,simulation_results_74.rds,128.0,eir,100.0,371.082129671986,0.7197,0.7246
4481,1,simulation_results_74.rds,129.0,eir,100.0,371.082129671986,0.7207,0.7246
4481,1,simulation_results_74.rds,130.0,eir,100.0,371.082129671986,0.721,0.724
4481,1,simulation_results_74.rds,131.0,eir,100.0,371.082129671986,0.721,0.7236
4481,1,simulation_results_74.rds,132.0,eir,100.0,371.082129671986,0.721,0.723
4481,1,simulation_results_74.rds,133.0,eir,100.0,371.082129671986,0.721,0.7227
4481,1,simulation_results_74.rds,134.0,eir,100.0,371.082129671986,0.7207,0.7227
4481,1,simulation_results_74.rds,135.0,eir,100.0,371.082129671986,0.72,0.722
4481,1,simulation_results_74.rds,136.0,eir,100.0,371.082129671986,0.719,0.7217
4481,1,simulation_results_74.rds,137.0,eir,100.0,371.082129671986,0.7183,0.7217
4481,1,simulation_results_74.rds,138.0,eir,100.0,371.082129671986,0.7173,0.721
4481,1,simulation_results_74.rds,139.0,eir,100.0,371.082129671986,0.717,0.7207
4481,1,simulation_results_74.rds,140.0,eir,100.0,371.082129671986,0.716,0.7207
4481,1,simulation_results_74.rds,141.0,eir,100.0,371.082129671986,0.715,0.72
4481,1,simulation_results_74.rds,142.0,eir,100.0,371.082129671986,0.7144,0.72
4481,1,simulation_results_74.rds,143.0,eir,100.0,371.082129671986,0.714,0.72
4481,1,simulation_results_74.rds,144.0,eir,100.0,371.082129671986,0.7134,0.7197
4481,1,simulation_results_74.rds,145.0,eir,100.0,371.082129671986,0.7134,0.72
4481,1,simulation_results_74.rds,146.0,eir,100.0,371.082129671986,0.714,0.72
4481,1,simulation_results_74.rds,147.0,eir,100.0,371.082129671986,0.7144,0.72
4481,1,simulation_results_74.rds,148.0,eir,100.0,371.082129671986,0.715,0.7207
4481,1,simulation_results_74.rds,149.0,eir,100.0,371.082129671986,0.716,0.721
4481,1,simulation_results_74.rds,150.0,eir,100.0,371.082129671986,0.7163,0.7217
4481,1,simulation_results_74.rds,151.0,eir,100.0,371.082129671986,0.7173,0.722
4481,1,simulation_results_74.rds,152.0,eir,100.0,371.082129671986,0.7183,0.7227
4481,1,simulation_results_74.rds,153.0,eir,100.0,371.082129671986,0.7188,0.723
4481,1,simulation_results_74.rds,154.0,eir,100.0,371.082129671986,0.719,0.7236
4481,1,simulation_results_74.rds,155.0,eir,100.0,371.082129671986,0.72,0.724
4481,1,simulation_results_74.rds,156.0,eir,100.0,371.082129671986,0.7207,0.724
4481,1,simulation_results_74.rds,1.0,eir,200.0,371.082129671986,0.798,0.797
4481,1,simulation_results_74.rds,2.0,eir,200.0,371.082129671986,0.795,0.8
4481,1,simulation_results_74.rds,3.0,eir,200.0,371.082129671986,0.7974,0.799
4481,1,simulation_results_74.rds,4.0,eir,200.0,371.082129671986,0.7983,0.799
4481,1,simulation_results_74.rds,5.0,eir,200.0,371.082129671986,0.7983,0.7993
4481,1,simulation_results_74.rds,6.0,eir,200.0,371.082129671986,0.7983,0.7993
4481,1,simulation_results_74.rds,7.0,eir,200.0,371.082129671986,0.798,0.7993
4481,1,simulation_results_74.rds,8.0,eir,200.0,371.082129671986,0.7974,0.7993
4481,1,simulation_results_74.rds,9.0,eir,200.0,371.082129671986,0.797,0.7993
4481,1,simulation_results_74.rds,10.0,eir,200.0,371.082129671986,0.797,0.8
4481,1,simulation_results_74.rds,11.0,eir,200.0,371.082129671986,0.797,0.8003
4481,1,simulation_results_74.rds,12.0,eir,200.0,371.082129671986,0.797,0.801
4481,1,simulation_results_74.rds,13.0,eir,200.0,371.082129671986,0.797,0.802
4481,1,simulation_results_74.rds,14.0,eir,200.0,371.082129671986,0.797,0.803
4481,1,simulation_results_74.rds,15.0,eir,200.0,371.082129671986,0.7974,0.804
4481,1,simulation_results_74.rds,16.0,eir,200.0,371.082129671986,0.7983,0.805
4481,1,simulation_results_74.rds,17.0,eir,200.0,371.082129671986,0.8,0.806
4481,1,simulation_results_74.rds,18.0,eir,200.0,371.082129671986,0.801,0.807
4481,1,simulation_results_74.rds,19.0,eir,200.0,371.082129671986,0.8027,0.8076
4481,1,simulation_results_74.rds,20.0,eir,200.0,371.082129671986,0.8037,0.808
4481,1,simulation_results_74.rds,21.0,eir,200.0,371.082129671986,0.804,0.808
4481,1,simulation_results_74.rds,22.0,eir,200.0,371.082129671986,0.804,0.808
4481,1,simulation_results_74.rds,23.0,eir,200.0,371.082129671986,0.804,0.8076
4481,1,simulation_results_74.rds,24.0,eir,200.0,371.082129671986,0.8037,0.8066
4481,1,simulation_results_74.rds,25.0,eir,200.0,371.082129671986,0.8027,0.806
4481,1,simulation_results_74.rds,26.0,eir,200.0,371.082129671986,0.8013,0.8047
4481,1,simulation_results_74.rds,27.0,eir,200.0,371.082129671986,0.8003,0.8037
4481,1,simulation_results_74.rds,28.0,eir,200.0,371.082129671986,0.8,0.8027
4481,1,simulation_results_74.rds,29.0,eir,200.0,371.082129671986,0.7993,0.802
4481,1,simulation_results_74.rds,30.0,eir,200.0,371.082129671986,0.7983,0.801
4481,1,simulation_results_74.rds,31.0,eir,200.0,371.082129671986,0.798,0.8003
4481,1,simulation_results_74.rds,32.0,eir,200.0,371.082129671986,0.797,0.8
4481,1,simulation_results_74.rds,33.0,eir,200.0,371.082129671986,0.796,0.8
4481,1,simulation_results_74.rds,34.0,eir,200.0,371.082129671986,0.795,0.8
4481,1,simulation_results_74.rds,35.0,eir,200.0,371.082129671986,0.7944,0.8
4481,1,simulation_results_74.rds,36.0,eir,200.0,371.082129671986,0.7944,0.8
4481,1,simulation_results_74.rds,37.0,eir,200.0,371.082129671986,0.795,0.8003
4481,1,simulation_results_74.rds,38.0,eir,200.0,371.082129671986,0.796,0.801
4481,1,simulation_results_74.rds,39.0,eir,200.0,371.082129671986,0.797,0.8013
4481,1,simulation_results_74.rds,40.0,eir,200.0,371.082129671986,0.7983,0.8022
4481,1,simulation_results_74.rds,41.0,eir,200.0,371.082129671986,0.8,0.803
4481,1,simulation_results_74.rds,42.0,eir,200.0,371.082129671986,0.801,0.8037
4481,1,simulation_results_74.rds,43.0,eir,200.0,371.082129671986,0.8022,0.8047
4481,1,simulation_results_74.rds,44.0,eir,200.0,371.082129671986,0.8027,0.8057
4481,1,simulation_results_74.rds,45.0,eir,200.0,371.082129671986,0.803,0.8066
4481,1,simulation_results_74.rds,46.0,eir,200.0,371.082129671986,0.8037,0.808
4481,1,simulation_results_74.rds,47.0,eir,200.0,371.082129671986,0.8037,0.8086
4481,1,simulation_results_74.rds,48.0,eir,200.0,371.082129671986,0.803,0.809
4481,1,simulation_results_74.rds,49.0,eir,200.0,371.082129671986,0.8022,0.8096
4481,1,simulation_results_74.rds,50.0,eir,200.0,371.082129671986,0.8013,0.8096
4481,1,simulation_results_74.rds,51.0,eir,200.0,371.082129671986,0.8,0.8096
4481,1,simulation_results_74.rds,52.0,eir,200.0,371.082129671986,0.7983,0.809
4481,1,simulation_results_74.rds,53.0,eir,200.0,371.082129671986,0.797,0.808
4481,1,simulation_results_74.rds,54.0,eir,200.0,371.082129671986,0.796,0.807
4481,1,simulation_results_74.rds,55.0,eir,200.0,371.082129671986,0.7944,0.8057
4481,1,simulation_results_74.rds,56.0,eir,200.0,371.082129671986,0.7935,0.8037
4481,1,simulation_results_74.rds,57.0,eir,200.0,371.082129671986,0.792,0.8022
4481,1,simulation_results_74.rds,58.0,eir,200.0,371.082129671986,0.791,0.8013
4481,1,simulation_results_74.rds,59.0,eir,200.0,371.082129671986,0.79,0.8003
4481,1,simulation_results_74.rds,60.0,eir,200.0,371.082129671986,0.789,0.7993
4481,1,simulation_results_74.rds,61.0,eir,200.0,371.082129671986,0.7886,0.7993
4481,1,simulation_results_74.rds,62.0,eir,200.0,371.082129671986,0.7886,0.7993
4481,1,simulation_results_74.rds,63.0,eir,200.0,371.082129671986,0.789,0.8
4481,1,simulation_results_74.rds,64.0,eir,200.0,371.082129671986,0.79,0.8003
4481,1,simulation_results_74.rds,65.0,eir,200.0,371.082129671986,0.791,0.802
4481,1,simulation_results_74.rds,66.0,eir,200.0,371.082129671986,0.792,0.803
4481,1,simulation_results_74.rds,67.0,eir,200.0,371.082129671986,0.793,0.804
4481,1,simulation_results_74.rds,68.0,eir,200.0,371.082129671986,0.794,0.8057
4481,1,simulation_results_74.rds,69.0,eir,200.0,371.082129671986,0.795,0.8066
4481,1,simulation_results_74.rds,70.0,eir,200.0,371.082129671986,0.796,0.808
4481,1,simulation_results_74.rds,71.0,eir,200.0,371.082129671986,0.7964,0.809
4481,1,simulation_results_74.rds,72.0,eir,200.0,371.082129671986,0.797,0.8096
4481,1,simulation_results_74.rds,73.0,eir,200.0,371.082129671986,0.7974,0.8105
4481,1,simulation_results_74.rds,74.0,eir,200.0,371.082129671986,0.798,0.8105
4481,1,simulation_results_74.rds,75.0,eir,200.0,371.082129671986,0.798,0.811
4481,1,simulation_results_74.rds,76.0,eir,200.0,371.082129671986,0.798,0.8105
4481,1,simulation_results_74.rds,77.0,eir,200.0,371.082129671986,0.7974,0.8105
4481,1,simulation_results_74.rds,78.0,eir,200.0,371.082129671986,0.7964,0.81
4481,1,simulation_results_74.rds,79.0,eir,200.0,371.082129671986,0.796,0.8096
4481,1,simulation_results_74.rds,80.0,eir,200.0,371.082129671986,0.795,0.8086
4481,1,simulation_results_74.rds,81.0,eir,200.0,371.082129671986,0.794,0.8076
4481,1,simulation_results_74.rds,82.0,eir,200.0,371.082129671986,0.7935,0.806
4481,1,simulation_results_74.rds,83.0,eir,200.0,371.082129671986,0.7925,0.8047
4481,1,simulation_results_74.rds,84.0,eir,200.0,371.082129671986,0.792,0.803
4481,1,simulation_results_74.rds,85.0,eir,200.0,371.082129671986,0.7915,0.802
4481,1,simulation_results_74.rds,86.0,eir,200.0,371.082129671986,0.791,0.801
4481,1,simulation_results_74.rds,87.0,eir,200.0,371.082129671986,0.7905,0.8003
4481,1,simulation_results_74.rds,88.0,eir,200.0,371.082129671986,0.791,0.801
4481,1,simulation_results_74.rds,89.0,eir,200.0,371.082129671986,0.7915,0.8013
4481,1,simulation_results_74.rds,90.0,eir,200.0,371.082129671986,0.7925,0.8022
4481,1,simulation_results_74.rds,91.0,eir,200.0,371.082129671986,0.7935,0.803
4481,1,simulation_results_74.rds,92.0,eir,200.0,371.082129671986,0.795,0.804
4481,1,simulation_results_74.rds,93.0,eir,200.0,371.082129671986,0.7964,0.805
4481,1,simulation_results_74.rds,94.0,eir,200.0,371.082129671986,0.798,0.8057
4481,1,simulation_results_74.rds,95.0,eir,200.0,371.082129671986,0.7993,0.806
4481,1,simulation_results_74.rds,96.0,eir,200.0,371.082129671986,0.8003,0.806
4481,1,simulation_results_74.rds,97.0,eir,200.0,371.082129671986,0.8013,0.8066
4481,1,simulation_results_74.rds,98.0,eir,200.0,371.082129671986,0.802,0.8066
4481,1,simulation_results_74.rds,99.0,eir,200.0,371.082129671986,0.8022,0.8066
4481,1,simulation_results_74.rds,100.0,eir,200.0,371.082129671986,0.802,0.807
4481,1,simulation_results_74.rds,101.0,eir,200.0,371.082129671986,0.8013,0.807
4481,1,simulation_results_74.rds,102.0,eir,200.0,371.082129671986,0.801,0.807
4481,1,simulation_results_74.rds,103.0,eir,200.0,371.082129671986,0.8,0.807
4481,1,simulation_results_74.rds,104.0,eir,200.0,371.082129671986,0.799,0.806
4481,1,simulation_results_74.rds,105.0,eir,200.0,371.082129671986,0.7974,0.805
4481,1,simulation_results_74.rds,106.0,eir,200.0,371.082129671986,0.7964,0.8037
4481,1,simulation_results_74.rds,107.0,eir,200.0,371.082129671986,0.7954,0.8022
4481,1,simulation_results_74.rds,108.0,eir,200.0,371.082129671986,0.7944,0.801
4481,1,simulation_results_74.rds,109.0,eir,200.0,371.082129671986,0.7935,0.8
4481,1,simulation_results_74.rds,110.0,eir,200.0,371.082129671986,0.7925,0.7983
4481,1,simulation_results_74.rds,111.0,eir,200.0,371.082129671986,0.791,0.798
4481,1,simulation_results_74.rds,112.0,eir,200.0,371.082129671986,0.79,0.7974
4481,1,simulation_results_74.rds,113.0,eir,200.0,371.082129671986,0.7886,0.7974
4481,1,simulation_results_74.rds,114.0,eir,200.0,371.082129671986,0.7876,0.7974
4481,1,simulation_results_74.rds,115.0,eir,200.0,371.082129671986,0.7866,0.7983
4481,1,simulation_results_74.rds,116.0,eir,200.0,371.082129671986,0.786,0.7993
4481,1,simulation_results_74.rds,117.0,eir,200.0,371.082129671986,0.786,0.8003
4481,1,simulation_results_74.rds,118.0,eir,200.0,371.082129671986,0.7866,0.802
4481,1,simulation_results_74.rds,119.0,eir,200.0,371.082129671986,0.7876,0.803
4481,1,simulation_results_74.rds,120.0,eir,200.0,371.082129671986,0.7896,0.8047
4481,1,simulation_results_74.rds,121.0,eir,200.0,371.082129671986,0.7915,0.8057
4481,1,simulation_results_74.rds,122.0,eir,200.0,371.082129671986,0.794,0.8066
4481,1,simulation_results_74.rds,123.0,eir,200.0,371.082129671986,0.796,0.807
4481,1,simulation_results_74.rds,124.0,eir,200.0,371.082129671986,0.7983,0.8076
4481,1,simulation_results_74.rds,125.0,eir,200.0,371.082129671986,0.8003,0.808
4481,1,simulation_results_74.rds,126.0,eir,200.0,371.082129671986,0.802,0.808
4481,1,simulation_results_74.rds,127.0,eir,200.0,371.082129671986,0.803,0.8076
4481,1,simulation_results_74.rds,128.0,eir,200.0,371.082129671986,0.8047,0.807
4481,1,simulation_results_74.rds,129.0,eir,200.0,371.082129671986,0.8057,0.8066
4481,1,simulation_results_74.rds,130.0,eir,200.0,371.082129671986,0.806,0.8057
4481,1,simulation_results_74.rds,131.0,eir,200.0,371.082129671986,0.806,0.805
4481,1,simulation_results_74.rds,132.0,eir,200.0,371.082129671986,0.806,0.804
4481,1,simulation_results_74.rds,133.0,eir,200.0,371.082129671986,0.806,0.8037
4481,1,simulation_results_74.rds,134.0,eir,200.0,371.082129671986,0.805,0.8027
4481,1,simulation_results_74.rds,135.0,eir,200.0,371.082129671986,0.804,0.8022
4481,1,simulation_results_74.rds,136.0,eir,200.0,371.082129671986,0.803,0.8022
4481,1,simulation_results_74.rds,137.0,eir,200.0,371.082129671986,0.8022,0.802
4481,1,simulation_results_74.rds,138.0,eir,200.0,371.082129671986,0.801,0.802
4481,1,simulation_results_74.rds,139.0,eir,200.0,371.082129671986,0.7993,0.8013
4481,1,simulation_results_74.rds,140.0,eir,200.0,371.082129671986,0.7974,0.801
4481,1,simulation_results_74.rds,141.0,eir,200.0,371.082129671986,0.796,0.8003
4481,1,simulation_results_74.rds,142.0,eir,200.0,371.082129671986,0.7944,0.8003
4481,1,simulation_results_74.rds,143.0,eir,200.0,371.082129671986,0.793,0.8003
4481,1,simulation_results_74.rds,144.0,eir,200.0,371.082129671986,0.792,0.8003
4481,1,simulation_results_74.rds,145.0,eir,200.0,371.082129671986,0.7915,0.8003
4481,1,simulation_results_74.rds,146.0,eir,200.0,371.082129671986,0.791,0.801
4481,1,simulation_results_74.rds,147.0,eir,200.0,371.082129671986,0.791,0.8013
4481,1,simulation_results_74.rds,148.0,eir,200.0,371.082129671986,0.791,0.802
4481,1,simulation_results_74.rds,149.0,eir,200.0,371.082129671986,0.792,0.8022
4481,1,simulation_results_74.rds,150.0,eir,200.0,371.082129671986,0.793,0.8027
4481,1,simulation_results_74.rds,151.0,eir,200.0,371.082129671986,0.794,0.803
4481,1,simulation_results_74.rds,152.0,eir,200.0,371.082129671986,0.795,0.8037
4481,1,simulation_results_74.rds,153.0,eir,200.0,371.082129671986,0.796,0.8037
4481,1,simulation_results_74.rds,154.0,eir,200.0,371.082129671986,0.7964,0.8037
4481,1,simulation_results_74.rds,155.0,eir,200.0,371.082129671986,0.7974,0.8037
4481,1,simulation_results_74.rds,156.0,eir,200.0,371.082129671986,0.798,0.8037
4481,1,simulation_results_74.rds,1.0,eir,300.0,371.082129671986,0.8394,0.835
4481,1,simulation_results_74.rds,2.0,eir,300.0,371.082129671986,0.8394,0.8374
4481,1,simulation_results_74.rds,3.0,eir,300.0,371.082129671986,0.8403,0.837
4481,1,simulation_results_74.rds,4.0,eir,300.0,371.082129671986,0.8413,0.8374
4481,1,simulation_results_74.rds,5.0,eir,300.0,371.082129671986,0.841,0.8384
4481,1,simulation_results_74.rds,6.0,eir,300.0,371.082129671986,0.841,0.8384
4481,1,simulation_results_74.rds,7.0,eir,300.0,371.082129671986,0.841,0.8384
4481,1,simulation_results_74.rds,8.0,eir,300.0,371.082129671986,0.841,0.8384
4481,1,simulation_results_74.rds,9.0,eir,300.0,371.082129671986,0.841,0.839
4481,1,simulation_results_74.rds,10.0,eir,300.0,371.082129671986,0.841,0.84
4481,1,simulation_results_74.rds,11.0,eir,300.0,371.082129671986,0.841,0.8403
4481,1,simulation_results_74.rds,12.0,eir,300.0,371.082129671986,0.8413,0.842
4481,1,simulation_results_74.rds,13.0,eir,300.0,371.082129671986,0.842,0.8433
4481,1,simulation_results_74.rds,14.0,eir,300.0,371.082129671986,0.842,0.8447
4481,1,simulation_results_74.rds,15.0,eir,300.0,371.082129671986,0.843,0.846
4481,1,simulation_results_74.rds,16.0,eir,300.0,371.082129671986,0.8438,0.8477
4481,1,simulation_results_74.rds,17.0,eir,300.0,371.082129671986,0.845,0.849
4481,1,simulation_results_74.rds,18.0,eir,300.0,371.082129671986,0.8467,0.85
4481,1,simulation_results_74.rds,19.0,eir,300.0,371.082129671986,0.8477,0.851
4481,1,simulation_results_74.rds,20.0,eir,300.0,371.082129671986,0.849,0.851
4481,1,simulation_results_74.rds,21.0,eir,300.0,371.082129671986,0.8496,0.8516
4481,1,simulation_results_74.rds,22.0,eir,300.0,371.082129671986,0.8496,0.851
4481,1,simulation_results_74.rds,23.0,eir,300.0,371.082129671986,0.849,0.8506
4481,1,simulation_results_74.rds,24.0,eir,300.0,371.082129671986,0.848,0.85
4481,1,simulation_results_74.rds,25.0,eir,300.0,371.082129671986,0.8467,0.849
4481,1,simulation_results_74.rds,26.0,eir,300.0,371.082129671986,0.845,0.848
4481,1,simulation_results_74.rds,27.0,eir,300.0,371.082129671986,0.844,0.8467
4481,1,simulation_results_74.rds,28.0,eir,300.0,371.082129671986,0.843,0.8457
4481,1,simulation_results_74.rds,29.0,eir,300.0,371.082129671986,0.842,0.844
4481,1,simulation_results_74.rds,30.0,eir,300.0,371.082129671986,0.841,0.8433
4481,1,simulation_results_74.rds,31.0,eir,300.0,371.082129671986,0.84,0.8423
4481,1,simulation_results_74.rds,32.0,eir,300.0,371.082129671986,0.839,0.842
4481,1,simulation_results_74.rds,33.0,eir,300.0,371.082129671986,0.8384,0.842
4481,1,simulation_results_74.rds,34.0,eir,300.0,371.082129671986,0.838,0.842
4481,1,simulation_results_74.rds,35.0,eir,300.0,371.082129671986,0.838,0.842
4481,1,simulation_results_74.rds,36.0,eir,300.0,371.082129671986,0.838,0.842
4481,1,simulation_results_74.rds,37.0,eir,300.0,371.082129671986,0.8384,0.8423
4481,1,simulation_results_74.rds,38.0,eir,300.0,371.082129671986,0.8394,0.843
4481,1,simulation_results_74.rds,39.0,eir,300.0,371.082129671986,0.8403,0.8433
4481,1,simulation_results_74.rds,40.0,eir,300.0,371.082129671986,0.842,0.844
4481,1,simulation_results_74.rds,41.0,eir,300.0,371.082129671986,0.8433,0.8447
4481,1,simulation_results_74.rds,42.0,eir,300.0,371.082129671986,0.844,0.845
4481,1,simulation_results_74.rds,43.0,eir,300.0,371.082129671986,0.8457,0.8467
4481,1,simulation_results_74.rds,44.0,eir,300.0,371.082129671986,0.846,0.8477
4481,1,simulation_results_74.rds,45.0,eir,300.0,371.082129671986,0.8467,0.849
4481,1,simulation_results_74.rds,46.0,eir,300.0,371.082129671986,0.8467,0.851
4481,1,simulation_results_74.rds,47.0,eir,300.0,371.082129671986,0.846,0.852
4481,1,simulation_results_74.rds,48.0,eir,300.0,371.082129671986,0.845,0.853
4481,1,simulation_results_74.rds,49.0,eir,300.0,371.082129671986,0.844,0.8535
4481,1,simulation_results_74.rds,50.0,eir,300.0,371.082129671986,0.8433,0.8535
4481,1,simulation_results_74.rds,51.0,eir,300.0,371.082129671986,0.842,0.8535
4481,1,simulation_results_74.rds,52.0,eir,300.0,371.082129671986,0.841,0.853
4481,1,simulation_results_74.rds,53.0,eir,300.0,371.082129671986,0.84,0.8525
4481,1,simulation_results_74.rds,54.0,eir,300.0,371.082129671986,0.839,0.851
4481,1,simulation_results_74.rds,55.0,eir,300.0,371.082129671986,0.838,0.8496
4481,1,simulation_results_74.rds,56.0,eir,300.0,371.082129671986,0.837,0.847
4481,1,simulation_results_74.rds,57.0,eir,300.0,371.082129671986,0.8364,0.845
4481,1,simulation_results_74.rds,58.0,eir,300.0,371.082129671986,0.8354,0.843
4481,1,simulation_results_74.rds,59.0,eir,300.0,371.082129671986,0.8345,0.8403
4481,1,simulation_results_74.rds,60.0,eir,300.0,371.082129671986,0.834,0.839
4481,1,simulation_results_74.rds,61.0,eir,300.0,371.082129671986,0.8335,0.8374
4481,1,simulation_results_74.rds,62.0,eir,300.0,371.082129671986,0.8335,0.8374
4481,1,simulation_results_74.rds,63.0,eir,300.0,371.082129671986,0.8335,0.838
4481,1,simulation_results_74.rds,64.0,eir,300.0,371.082129671986,0.8345,0.839
4481,1,simulation_results_74.rds,65.0,eir,300.0,371.082129671986,0.835,0.8403
4481,1,simulation_results_74.rds,66.0,eir,300.0,371.082129671986,0.836,0.8423
4481,1,simulation_results_74.rds,67.0,eir,300.0,371.082129671986,0.837,0.8447
4481,1,simulation_results_74.rds,68.0,eir,300.0,371.082129671986,0.838,0.847
4481,1,simulation_results_74.rds,69.0,eir,300.0,371.082129671986,0.839,0.849
4481,1,simulation_results_74.rds,70.0,eir,300.0,371.082129671986,0.84,0.851
4481,1,simulation_results_74.rds,71.0,eir,300.0,371.082129671986,0.841,0.852
4481,1,simulation_results_74.rds,72.0,eir,300.0,371.082129671986,0.8413,0.853
4481,1,simulation_results_74.rds,73.0,eir,300.0,371.082129671986,0.842,0.8535
4481,1,simulation_results_74.rds,74.0,eir,300.0,371.082129671986,0.842,0.8535
4481,1,simulation_results_74.rds,75.0,eir,300.0,371.082129671986,0.842,0.853
4481,1,simulation_results_74.rds,76.0,eir,300.0,371.082129671986,0.841,0.853
4481,1,simulation_results_74.rds,77.0,eir,300.0,371.082129671986,0.8403,0.8525
4481,1,simulation_results_74.rds,78.0,eir,300.0,371.082129671986,0.8394,0.852
4481,1,simulation_results_74.rds,79.0,eir,300.0,371.082129671986,0.8384,0.851
4481,1,simulation_results_74.rds,80.0,eir,300.0,371.082129671986,0.8374,0.85
4481,1,simulation_results_74.rds,81.0,eir,300.0,371.082129671986,0.8374,0.8486
4481,1,simulation_results_74.rds,82.0,eir,300.0,371.082129671986,0.837,0.847
4481,1,simulation_results_74.rds,83.0,eir,300.0,371.082129671986,0.8364,0.845
4481,1,simulation_results_74.rds,84.0,eir,300.0,371.082129671986,0.836,0.843
4481,1,simulation_results_74.rds,85.0,eir,300.0,371.082129671986,0.8354,0.8403
4481,1,simulation_results_74.rds,86.0,eir,300.0,371.082129671986,0.835,0.8384
4481,1,simulation_results_74.rds,87.0,eir,300.0,371.082129671986,0.8345,0.837
4481,1,simulation_results_74.rds,88.0,eir,300.0,371.082129671986,0.8345,0.836
4481,1,simulation_results_74.rds,89.0,eir,300.0,371.082129671986,0.835,0.837
4481,1,simulation_results_74.rds,90.0,eir,300.0,371.082129671986,0.836,0.838
4481,1,simulation_results_74.rds,91.0,eir,300.0,371.082129671986,0.8374,0.8394
4481,1,simulation_results_74.rds,92.0,eir,300.0,371.082129671986,0.8384,0.8413
4481,1,simulation_results_74.rds,93.0,eir,300.0,371.082129671986,0.84,0.8433
4481,1,simulation_results_74.rds,94.0,eir,300.0,371.082129671986,0.8413,0.845
4481,1,simulation_results_74.rds,95.0,eir,300.0,371.082129671986,0.8423,0.8467
4481,1,simulation_results_74.rds,96.0,eir,300.0,371.082129671986,0.8438,0.8477
4481,1,simulation_results_74.rds,97.0,eir,300.0,371.082129671986,0.844,0.8486
4481,1,simulation_results_74.rds,98.0,eir,300.0,371.082129671986,0.845,0.849
4481,1,simulation_results_74.rds,99.0,eir,300.0,371.082129671986,0.845,0.85
4481,1,simulation_results_74.rds,100.0,eir,300.0,371.082129671986,0.845,0.8506
4481,1,simulation_results_74.rds,101.0,eir,300.0,371.082129671986,0.8447,0.851
4481,1,simulation_results_74.rds,102.0,eir,300.0,371.082129671986,0.8438,0.851
4481,1,simulation_results_74.rds,103.0,eir,300.0,371.082129671986,0.843,0.851
4481,1,simulation_results_74.rds,104.0,eir,300.0,371.082129671986,0.8413,0.85
4481,1,simulation_results_74.rds,105.0,eir,300.0,371.082129671986,0.8394,0.8486
4481,1,simulation_results_74.rds,106.0,eir,300.0,371.082129671986,0.8374,0.847
4481,1,simulation_results_74.rds,107.0,eir,300.0,371.082129671986,0.8354,0.8457
4481,1,simulation_results_74.rds,108.0,eir,300.0,371.082129671986,0.834,0.8447
4481,1,simulation_results_74.rds,109.0,eir,300.0,371.082129671986,0.832,0.8438
4481,1,simulation_results_74.rds,110.0,eir,300.0,371.082129671986,0.83,0.843
4481,1,simulation_results_74.rds,111.0,eir,300.0,371.082129671986,0.828,0.8423
4481,1,simulation_results_74.rds,112.0,eir,300.0,371.082129671986,0.8267,0.8423
4481,1,simulation_results_74.rds,113.0,eir,300.0,371.082129671986,0.8247,0.8423
4481,1,simulation_results_74.rds,114.0,eir,300.0,371.082129671986,0.823,0.843
4481,1,simulation_results_74.rds,115.0,eir,300.0,371.082129671986,0.8223,0.844
4481,1,simulation_results_74.rds,116.0,eir,300.0,371.082129671986,0.822,0.845
4481,1,simulation_results_74.rds,117.0,eir,300.0,371.082129671986,0.822,0.846
4481,1,simulation_results_74.rds,118.0,eir,300.0,371.082129671986,0.8223,0.8477
4481,1,simulation_results_74.rds,119.0,eir,300.0,371.082129671986,0.823,0.8486
4481,1,simulation_results_74.rds,120.0,eir,300.0,371.082129671986,0.825,0.8496
4481,1,simulation_results_74.rds,121.0,eir,300.0,371.082129671986,0.8286,0.851
4481,1,simulation_results_74.rds,122.0,eir,300.0,371.082129671986,0.8315,0.8516
4481,1,simulation_results_74.rds,123.0,eir,300.0,371.082129671986,0.835,0.8525
4481,1,simulation_results_74.rds,124.0,eir,300.0,371.082129671986,0.8384,0.8525
4481,1,simulation_results_74.rds,125.0,eir,300.0,371.082129671986,0.8413,0.8525
4481,1,simulation_results_74.rds,126.0,eir,300.0,371.082129671986,0.8438,0.8525
4481,1,simulation_results_74.rds,127.0,eir,300.0,371.082129671986,0.846,0.852
4481,1,simulation_results_74.rds,128.0,eir,300.0,371.082129671986,0.8477,0.851
4481,1,simulation_results_74.rds,129.0,eir,300.0,371.082129671986,0.849,0.8506
4481,1,simulation_results_74.rds,130.0,eir,300.0,371.082129671986,0.8496,0.849
4481,1,simulation_results_74.rds,131.0,eir,300.0,371.082129671986,0.85,0.8486
4481,1,simulation_results_74.rds,132.0,eir,300.0,371.082129671986,0.85,0.8477
4481,1,simulation_results_74.rds,133.0,eir,300.0,371.082129671986,0.8496,0.847
4481,1,simulation_results_74.rds,134.0,eir,300.0,371.082129671986,0.8486,0.8467
4481,1,simulation_results_74.rds,135.0,eir,300.0,371.082129671986,0.8477,0.846
4481,1,simulation_results_74.rds,136.0,eir,300.0,371.082129671986,0.8467,0.8457
4481,1,simulation_results_74.rds,137.0,eir,300.0,371.082129671986,0.8447,0.8457
4481,1,simulation_results_74.rds,138.0,eir,300.0,371.082129671986,0.8433,0.845
4481,1,simulation_results_74.rds,139.0,eir,300.0,371.082129671986,0.8413,0.845
4481,1,simulation_results_74.rds,140.0,eir,300.0,371.082129671986,0.839,0.845
4481,1,simulation_results_74.rds,141.0,eir,300.0,371.082129671986,0.837,0.845
4481,1,simulation_results_74.rds,142.0,eir,300.0,371.082129671986,0.834,0.845
4481,1,simulation_results_74.rds,143.0,eir,300.0,371.082129671986,0.8315,0.8457
4481,1,simulation_results_74.rds,144.0,eir,300.0,371.082129671986,0.829,0.8467
4481,1,simulation_results_74.rds,145.0,eir,300.0,371.082129671986,0.827,0.847
4481,1,simulation_results_74.rds,146.0,eir,300.0,371.082129671986,0.8257,0.8477
4481,1,simulation_results_74.rds,147.0,eir,300.0,371.082129671986,0.8247,0.848
4481,1,simulation_results_74.rds,148.0,eir,300.0,371.082129671986,0.824,0.8486
4481,1,simulation_results_74.rds,149.0,eir,300.0,371.082129671986,0.8247,0.849
4481,1,simulation_results_74.rds,150.0,eir,300.0,371.082129671986,0.8257,0.8496
4481,1,simulation_results_74.rds,151.0,eir,300.0,371.082129671986,0.827,0.8496
4481,1,simulation_results_74.rds,152.0,eir,300.0,371.082129671986,0.829,0.8496
4481,1,simulation_results_74.rds,153.0,eir,300.0,371.082129671986,0.8306,0.8496
4481,1,simulation_results_74.rds,154.0,eir,300.0,371.082129671986,0.8325,0.849
4481,1,simulation_results_74.rds,155.0,eir,300.0,371.082129671986,0.8335,0.8486
4481,1,simulation_results_74.rds,156.0,eir,300.0,371.082129671986,0.8345,0.848
